[
   {
      "user": "62",
      "movie": "2",
      "comment": "fantasy",
      "timestamp": "1528843929"
   },
   {
      "user": "62",
      "movie": "2",
      "comment": "magic board game",
      "timestamp": "1528843932"
   },
   {
      "user": "62",
      "movie": "2",
      "comment": "Robin Williams",
      "timestamp": "1528843907"
   },
   {
      "user": "62",
      "movie": "110",
      "comment": "beautiful scenery",
      "timestamp": "1528152541"
   },
   {
      "user": "62",
      "movie": "110",
      "comment": "epic",
      "timestamp": "1528152532"
   },
   {
      "user": "62",
      "movie": "110",
      "comment": "historical",
      "timestamp": "1528152523"
   },
   {
      "user": "62",
      "movie": "110",
      "comment": "inspirational",
      "timestamp": "1528152527"
   },
   {
      "user": "62",
      "movie": "110",
      "comment": "Medieval",
      "timestamp": "1528152528"
   },
   {
      "user": "62",
      "movie": "110",
      "comment": "mel gibson",
      "timestamp": "1528152521"
   },
   {
      "user": "62",
      "movie": "110",
      "comment": "Oscar (Best Cinematography)",
      "timestamp": "1528152539"
   },
   {
      "user": "62",
      "movie": "110",
      "comment": "revenge",
      "timestamp": "1528152531"
   },
   {
      "user": "62",
      "movie": "110",
      "comment": "sword fight",
      "timestamp": "1528152535"
   },
   {
      "user": "167",
      "movie": "104",
      "comment": "test tag",
      "timestamp": "1154718872"
   },
   {
      "user": "289",
      "movie": "3",
      "comment": "moldy",
      "timestamp": "1143424860"
   },
   {
      "user": "289",
      "movie": "3",
      "comment": "old",
      "timestamp": "1143424860"
   },
   {
      "user": "336",
      "movie": "1",
      "comment": "pixar",
      "timestamp": "1139045764"
   },
   {
      "user": "357",
      "movie": "39",
      "comment": "chick flick",
      "timestamp": "1348627867"
   },
   {
      "user": "357",
      "movie": "39",
      "comment": "funny",
      "timestamp": "1348627869"
   },
   {
      "user": "357",
      "movie": "39",
      "comment": "Paul Rudd",
      "timestamp": "1348627871"
   },
   {
      "user": "357",
      "movie": "39",
      "comment": "quotable",
      "timestamp": "1348627873"
   },
   {
      "user": "357",
      "movie": "39",
      "comment": "seen more than once",
      "timestamp": "1348627878"
   },
   {
      "user": "424",
      "movie": "32",
      "comment": "time travel",
      "timestamp": "1457901872"
   },
   {
      "user": "424",
      "movie": "47",
      "comment": "mystery",
      "timestamp": "1457842470"
   },
   {
      "user": "424",
      "movie": "47",
      "comment": "twist ending",
      "timestamp": "1457842458"
   },
   {
      "user": "424",
      "movie": "50",
      "comment": "mindfuck",
      "timestamp": "1457842328"
   },
   {
      "user": "424",
      "movie": "50",
      "comment": "suspense",
      "timestamp": "1457842315"
   },
   {
      "user": "424",
      "movie": "50",
      "comment": "thriller",
      "timestamp": "1457842332"
   },
   {
      "user": "424",
      "movie": "50",
      "comment": "tricky",
      "timestamp": "1457842340"
   },
   {
      "user": "424",
      "movie": "50",
      "comment": "twist ending",
      "timestamp": "1457842306"
   },
   {
      "user": "474",
      "movie": "1",
      "comment": "pixar",
      "timestamp": "1137206825"
   },
   {
      "user": "474",
      "movie": "2",
      "comment": "game",
      "timestamp": "1137375552"
   },
   {
      "user": "474",
      "movie": "5",
      "comment": "pregnancy",
      "timestamp": "1137373903"
   },
   {
      "user": "474",
      "movie": "5",
      "comment": "remake",
      "timestamp": "1137373903"
   },
   {
      "user": "474",
      "movie": "7",
      "comment": "remake",
      "timestamp": "1137375642"
   },
   {
      "user": "474",
      "movie": "11",
      "comment": "politics",
      "timestamp": "1137374904"
   },
   {
      "user": "474",
      "movie": "11",
      "comment": "president",
      "timestamp": "1137374904"
   },
   {
      "user": "474",
      "movie": "14",
      "comment": "politics",
      "timestamp": "1137375623"
   },
   {
      "user": "474",
      "movie": "14",
      "comment": "president",
      "timestamp": "1137375623"
   },
   {
      "user": "474",
      "movie": "16",
      "comment": "Mafia",
      "timestamp": "1137181640"
   },
   {
      "user": "474",
      "movie": "17",
      "comment": "Jane Austen",
      "timestamp": "1137181153"
   },
   {
      "user": "474",
      "movie": "21",
      "comment": "Hollywood",
      "timestamp": "1137206178"
   },
   {
      "user": "474",
      "movie": "22",
      "comment": "serial killer",
      "timestamp": "1137375496"
   },
   {
      "user": "474",
      "movie": "25",
      "comment": "alcoholism",
      "timestamp": "1138137555"
   },
   {
      "user": "474",
      "movie": "26",
      "comment": "Shakespeare",
      "timestamp": "1138137603"
   },
   {
      "user": "474",
      "movie": "28",
      "comment": "In Netflix queue",
      "timestamp": "1137201942"
   },
   {
      "user": "474",
      "movie": "28",
      "comment": "Jane Austen",
      "timestamp": "1137180037"
   },
   {
      "user": "474",
      "movie": "29",
      "comment": "kidnapping",
      "timestamp": "1138137473"
   },
   {
      "user": "474",
      "movie": "31",
      "comment": "high school",
      "timestamp": "1137375502"
   },
   {
      "user": "474",
      "movie": "31",
      "comment": "teacher",
      "timestamp": "1137375502"
   },
   {
      "user": "474",
      "movie": "32",
      "comment": "time travel",
      "timestamp": "1137206826"
   },
   {
      "user": "474",
      "movie": "34",
      "comment": "Animal movie",
      "timestamp": "1137180956"
   },
   {
      "user": "474",
      "movie": "34",
      "comment": "pigs",
      "timestamp": "1137205237"
   },
   {
      "user": "474",
      "movie": "36",
      "comment": "death penalty",
      "timestamp": "1137202363"
   },
   {
      "user": "474",
      "movie": "36",
      "comment": "Nun",
      "timestamp": "1137191227"
   },
   {
      "user": "474",
      "movie": "38",
      "comment": "twins",
      "timestamp": "1137373760"
   },
   {
      "user": "474",
      "movie": "39",
      "comment": "Emma",
      "timestamp": "1138137492"
   },
   {
      "user": "474",
      "movie": "39",
      "comment": "Jane Austen",
      "timestamp": "1138137492"
   },
   {
      "user": "474",
      "movie": "40",
      "comment": "In Netflix queue",
      "timestamp": "1137202107"
   },
   {
      "user": "474",
      "movie": "40",
      "comment": "South Africa",
      "timestamp": "1137202107"
   },
   {
      "user": "474",
      "movie": "41",
      "comment": "Shakespeare",
      "timestamp": "1138137646"
   },
   {
      "user": "474",
      "movie": "43",
      "comment": "England",
      "timestamp": "1138137640"
   },
   {
      "user": "474",
      "movie": "45",
      "comment": "Journalism",
      "timestamp": "1137206826"
   },
   {
      "user": "474",
      "movie": "46",
      "comment": "wedding",
      "timestamp": "1137375539"
   },
   {
      "user": "474",
      "movie": "47",
      "comment": "serial killer",
      "timestamp": "1137206452"
   },
   {
      "user": "474",
      "movie": "50",
      "comment": "heist",
      "timestamp": "1137206826"
   },
   {
      "user": "474",
      "movie": "52",
      "comment": "adoption",
      "timestamp": "1137206315"
   },
   {
      "user": "474",
      "movie": "52",
      "comment": "prostitution",
      "timestamp": "1137206371"
   },
   {
      "user": "474",
      "movie": "58",
      "comment": "writing",
      "timestamp": "1138137613"
   },
   {
      "user": "474",
      "movie": "62",
      "comment": "music",
      "timestamp": "1137374957"
   },
   {
      "user": "474",
      "movie": "92",
      "comment": "Jekyll and Hyde",
      "timestamp": "1138137574"
   },
   {
      "user": "474",
      "movie": "96",
      "comment": "theater",
      "timestamp": "1138137537"
   },
   {
      "user": "474",
      "movie": "101",
      "comment": "crime",
      "timestamp": "1138137460"
   },
   {
      "user": "474",
      "movie": "104",
      "comment": "golf",
      "timestamp": "1137374014"
   },
   {
      "user": "474",
      "movie": "107",
      "comment": "muppets",
      "timestamp": "1137375573"
   },
   {
      "user": "474",
      "movie": "110",
      "comment": "Scotland",
      "timestamp": "1137180974"
   },
   {
      "user": "474",
      "movie": "111",
      "comment": "assassination",
      "timestamp": "1137206513"
   },
   {
      "user": "477",
      "movie": "32",
      "comment": "Brad Pitt",
      "timestamp": "1242494310"
   },
   {
      "user": "477",
      "movie": "32",
      "comment": "Bruce Willis",
      "timestamp": "1242494306"
   },
   {
      "user": "477",
      "movie": "32",
      "comment": "mindfuck",
      "timestamp": "1242494321"
   },
   {
      "user": "477",
      "movie": "32",
      "comment": "Post apocalyptic",
      "timestamp": "1242494300"
   },
   {
      "user": "477",
      "movie": "32",
      "comment": "post-apocalyptic",
      "timestamp": "1242494300"
   },
   {
      "user": "477",
      "movie": "32",
      "comment": "remake",
      "timestamp": "1242494315"
   },
   {
      "user": "477",
      "movie": "32",
      "comment": "time travel",
      "timestamp": "1242494304"
   },
   {
      "user": "477",
      "movie": "32",
      "comment": "twist ending",
      "timestamp": "1242494302"
   },
   {
      "user": "477",
      "movie": "34",
      "comment": "villain nonexistent or not needed for good story",
      "timestamp": "1244787845"
   },
   {
      "user": "477",
      "movie": "104",
      "comment": "Adam Sandler",
      "timestamp": "1244787691"
   },
   {
      "user": "567",
      "movie": "1",
      "comment": "fun",
      "timestamp": "1525286013"
   },
   {
      "user": "567",
      "movie": "101",
      "comment": "off-beat comedy",
      "timestamp": "1525287216"
   },
   {
      "user": "567",
      "movie": "101",
      "comment": "quirky",
      "timestamp": "1525287214"
   }
]